;Component;SMILES;Count dens binary;Count actcoeff binary;Count sos binary;Count dielec binary;Count eme binary;Count emcp binary;Count emv binary;Count all binary
0;oxidane;O;12690.0;122.0;1188.0;34.0;376.0;390.0;578.0;15378.0
1;ethanol;CCO;4710.0;16.0;454.0;105.0;507.0;0.0;23.0;5815.0
3;Butan-1-ol;CCCCO;3277.0;13.0;1219.0;105.0;581.0;130.0;71.0;5396.0
2;Propan-1-ol;CCCO;3295.0;11.0;647.0;105.0;202.0;0.0;0.0;4260.0
8;HEPTANE;CCCCCCC;2312.0;8.0;1065.0;131.0;211.0;0.0;14.0;3741.0
4;methylbenzene;Cc1ccccc1;2705.0;29.0;660.0;0.0;158.0;0.0;14.0;3566.0
6;2-Methoxy-2-methylpropane;COC(C)(C)C;2321.0;4.0;838.0;0.0;140.0;0.0;0.0;3303.0
5;Propan-2-ol;CC(C)O;2520.0;6.0;499.0;105.0;139.0;0.0;0.0;3269.0
7;BENZENE;c1ccccc1;2314.0;24.0;393.0;0.0;241.0;0.0;14.0;2986.0
9;octane;CCCCCCCC;2022.0;28.0;226.0;156.0;94.0;0.0;0.0;2526.0
14;1-Butoxybutane;CCCCOCCCC;1327.0;0.0;405.0;90.0;595.0;0.0;0.0;2417.0
10;Cyclohexane;C1CCCCC1;1485.0;7.0;540.0;0.0;320.0;0.0;46.0;2398.0
17;methanol;CO;1184.0;10.0;215.0;620.0;297.0;0.0;0.0;2326.0
15;1,4-Dimethylbenzene;Cc1ccc(C)cc1;1307.0;22.0;648.0;0.0;14.0;0.0;14.0;2005.0
19;2-Ethoxy-2-methylpropane;CCOC(C)(C)C;1153.0;4.0;819.0;0.0;0.0;0.0;0.0;1976.0
11;Methylcyclohexane;CC1CCCCC1;1478.0;1.0;354.0;0.0;76.0;0.0;0.0;1909.0
18;OCTAN-1-OL;CCCCCCCCO;1157.0;0.0;668.0;0.0;32.0;0.0;0.0;1857.0
13;Heptan-1-ol;CCCCCCCO;1430.0;0.0;340.0;0.0;21.0;0.0;0.0;1791.0
12;2-Methylpropan-2-ol;CC(C)(C)O;1435.0;0.0;177.0;95.0;0.0;0.0;0.0;1707.0
16;2,2,4-Trimethylpentane;CC(C)CC(C)(C)C;1216.0;0.0;261.0;0.0;156.0;0.0;0.0;1633.0
22;Pentan-1-ol;CCCCCO;858.0;0.0;245.0;156.0;299.0;0.0;0.0;1558.0
23;2-Butoxyethanol;CCCCOCCO;851.0;0.0;632.0;0.0;38.0;0.0;0.0;1521.0
20;HEXAN-1-OL;CCCCCCO;1105.0;0.0;322.0;0.0;50.0;0.0;0.0;1477.0
24;DECAN-1-OL;CCCCCCCCCCO;817.0;9.0;564.0;0.0;45.0;0.0;0.0;1435.0
27;1,2-Dimethylbenzene;Cc1ccccc1C;711.0;19.0;640.0;0.0;29.0;0.0;14.0;1413.0
28;1,3-Dimethylbenzene;Cc1cccc(C)c1;708.0;18.0;605.0;0.0;25.0;0.0;14.0;1370.0
35;Dodecane;CCCCCCCCCCCC;537.0;0.0;642.0;0.0;59.0;0.0;0.0;1238.0
25;Nonan-1-ol;CCCCCCCCCO;777.0;0.0;405.0;0.0;28.0;0.0;0.0;1210.0
42;Butane-1,4-diol;OCCCCO;442.0;0.0;196.0;0.0;36.0;239.0;163.0;1076.0
26;Decane;CCCCCCCCCC;770.0;22.0;145.0;0.0;80.0;0.0;0.0;1017.0
30;PROPANE-1,2-DIOL;CC(O)CO;669.0;10.0;0.0;8.0;97.0;85.0;114.0;983.0
39;Hexane;CCCCCC;483.0;22.0;223.0;0.0;139.0;0.0;87.0;954.0
33;2-Methoxyethanol;COCCO;565.0;18.0;354.0;0.0;0.0;0.0;0.0;937.0
31;Ethane-1,2-diol;OCCO;615.0;6.0;87.0;10.0;0.0;79.0;135.0;932.0
29;2,6,10,15,19,23-Hexamethyltetracosane;CC(C)CCCC(C)CCCC(C)CCCCC(C)CCCC(C)CCCC(C)C;673.0;0.0;219.0;0.0;0.0;0.0;0.0;892.0
44;Cyclopentane;C1CCCC1;412.0;6.0;398.0;0.0;71.0;0.0;0.0;887.0
56;['Oxane', '2,3,4,5-tetrahydropyran'];C1CCOCC1;289.0;0.0;254.0;0.0;227.0;0.0;112.0;882.0
21;PROPANE-1,2,3-TRIOL;OCC(O)CO;860.0;10.0;0.0;8.0;0.0;0.0;0.0;878.0
72;2-Methylbutan-2-ol;CCC(C)(C)O;248.0;16.0;450.0;0.0;98.0;0.0;39.0;851.0
34;Ethylbenzene;CCc1ccccc1;542.0;8.0;290.0;0.0;0.0;0.0;0.0;840.0
41;2-(2-hexoxyethoxy)ethanol;CCCCCCOCCOCCO;464.0;0.0;355.0;0.0;0.0;0.0;0.0;819.0
36;Oxolane;C1CCOC1;505.0;0.0;164.0;0.0;98.0;0.0;39.0;806.0
45;HEXADECANE;CCCCCCCCCCCCCCCC;411.0;0.0;300.0;0.0;56.0;0.0;32.0;799.0
38;2-Methylpropan-1-ol;CC(C)CO;483.0;0.0;155.0;105.0;31.0;0.0;0.0;774.0
46;Propane-1,3-diol;OCCCO;406.0;13.0;132.0;8.0;36.0;64.0;104.0;763.0
55;phenylmethanol;OCc1ccccc1;300.0;0.0;186.0;0.0;210.0;0.0;0.0;696.0
32;2-(2-Hydroxyethoxy)ethanol;OCCOCCO;588.0;48.0;0.0;39.0;0.0;0.0;0.0;675.0
47;Nonane;CCCCCCCCC;379.0;11.0;38.0;132.0;79.0;0.0;0.0;639.0
40;Methoxybenzene;COc1ccccc1;466.0;0.0;109.0;0.0;51.0;0.0;0.0;626.0
37;1,2-Dimethoxyethane;COCCOC;488.0;0.0;0.0;97.0;17.0;0.0;0.0;602.0
50;2-PHENYLETHANOL;OCCc1ccccc1;349.0;0.0;198.0;0.0;34.0;0.0;0.0;581.0
60;butane-1,2-diol;CCC(O)CO;278.0;0.0;277.0;0.0;0.0;0.0;14.0;569.0
73;1,4-Dioxane;C1COCCO1;241.0;0.0;243.0;0.0;59.0;0.0;0.0;543.0
43;2-Methylheptane;CCCCCC(C)C;413.0;0.0;72.0;0.0;42.0;0.0;0.0;527.0
74;1-Butoxypropan-2-ol;CCCCOCC(C)O;240.0;0.0;240.0;0.0;0.0;0.0;0.0;480.0
51;1,2,3,4-Tetrahydronaphthalene;C1CCc2ccccc2C1;332.0;0.0;141.0;0.0;0.0;0.0;0.0;473.0
48;4,7,7-trimethyl-8-oxabicyclo[2.2.2]octane;CC12CCC(CC1)C(C)(C)O2;364.0;0.0;104.0;0.0;0.0;0.0;0.0;468.0
54;1-Propoxypropan-2-ol;CCCOCC(C)O;318.0;0.0;145.0;0.0;0.0;0.0;0.0;463.0
53;2-(2-Methoxyethoxy)ethanol;COCCOCCO;320.0;0.0;140.0;0.0;0.0;0.0;0.0;460.0
79;Butane-1,3-diol;CC(O)CCO;218.0;0.0;204.0;0.0;0.0;0.0;14.0;436.0
85;Butan-2-ol;CCC(C)O;202.0;0.0;136.0;0.0;85.0;0.0;0.0;423.0
58;1,3,5-Trimethylbenzene;Cc1cc(C)cc(C)c1;285.0;0.0;115.0;0.0;0.0;0.0;0.0;400.0
71;;C1CCCCCCC1;249.0;7.0;144.0;0.0;0.0;0.0;0.0;400.0
116;2-Ethoxyethanol;CCOCCO;91.0;0.0;71.0;0.0;221.0;0.0;0.0;383.0
89;2-Propoxyethanol;CCCOCCO;190.0;0.0;73.0;117.0;0.0;0.0;0.0;380.0
66;1-METHOXY-2-(2-METHOXYETHOXY)ETHANE;COCCOCCOC;257.0;0.0;18.0;99.0;0.0;0.0;0.0;374.0
59;Cyclohexanol;OC1CCCCC1;280.0;0.0;15.0;0.0;68.0;0.0;0.0;363.0
90;1-(2-methoxyethoxy)-2-[2-(2-methoxyethoxy)ethoxy]ethane;COCCOCCOCCOCCOC;186.0;0.0;0.0;166.0;0.0;0.0;0.0;352.0
84;1,3-DIOXOLANE;C1COCO1;204.0;0.0;148.0;0.0;0.0;0.0;0.0;352.0
49;;C1CC2C3CCC(C3)C2C1;352.0;0.0;0.0;0.0;0.0;0.0;0.0;352.0
52;2-(hydroxymethyl)-2-methylpropane-1,3-diol;CC(CO)(CO)CO;324.0;0.0;0.0;0.0;0.0;0.0;0.0;324.0
75;3-Methylbutan-1-ol;CC(C)CCO;235.0;15.0;52.0;0.0;0.0;0.0;0.0;302.0
103;1-ETHOXY-2-(2-ETHOXYETHOXY)ETHANE;CCOCCOCCOCC;135.0;0.0;135.0;0.0;17.0;0.0;0.0;287.0
57;Cyclopentanol;OC1CCCC1;287.0;0.0;0.0;0.0;0.0;0.0;0.0;287.0
61;;C1CC[C@@H]2CCCC[C@@H]2C1;278.0;0.0;9.0;0.0;0.0;0.0;0.0;287.0
120;2-propan-2-yloxypropane;CC(C)OC(C)C;88.0;0.0;97.0;0.0;101.0;0.0;0.0;286.0
65;Phenylbenzene;c1ccc(cc1)c2ccccc2;260.0;0.0;10.0;0.0;12.0;0.0;0.0;282.0
62;;C1CC[C@@H]2CCCC[C@H]2C1;278.0;0.0;0.0;0.0;0.0;0.0;0.0;278.0
70;2,2-bis(hydroxymethyl)propane-1,3-diol;OCC(CO)(CO)CO;249.0;0.0;22.0;0.0;0.0;0.0;0.0;271.0
63;2-ethyl-2-(hydroxymethyl)propane-1,3-diol;CCC(CO)(CO)CO;270.0;0.0;0.0;0.0;0.0;0.0;0.0;270.0
64;Pentane-1,5-diol;OCCCCCO;269.0;0.0;0.0;0.0;0.0;0.0;0.0;269.0
107;pentan-2-ol;CCCC(C)O;126.0;13.0;39.0;0.0;84.0;0.0;0.0;262.0
67;HEXANE-1,6-DIOL;OCCCCCCO;255.0;0.0;0.0;0.0;0.0;0.0;0.0;255.0
68;undecan-1-ol;CCCCCCCCCCCO;253.0;0.0;0.0;0.0;0.0;0.0;0.0;253.0
69;Phenoxybenzene;O(c1ccccc1)c2ccccc2;250.0;0.0;0.0;0.0;0.0;0.0;0.0;250.0
93;2-Methylbutan-1-ol;CCC(C)CO;173.0;15.0;56.0;0.0;0.0;0.0;0.0;244.0
76;dodecan-1-ol;CCCCCCCCCCCCO;227.0;12.0;0.0;0.0;0.0;0.0;0.0;239.0
111;2-(furan-2-ylmethyl)furan;C(c1occc1)c2occc2;114.0;0.0;114.0;0.0;0.0;0.0;0.0;228.0
77;Cycloheptanol;OC1CCCCCC1;222.0;0.0;0.0;0.0;0.0;0.0;0.0;222.0
78;Octane-1,8-diol;OCCCCCCCCO;220.0;0.0;0.0;0.0;0.0;0.0;0.0;220.0
80;2-[2,2-bis(hydroxymethyl)butoxymethyl]-2-ethylpropane-1,3-diol;CCC(CO)(CO)COCC(CC)(CO)CO;214.0;0.0;0.0;0.0;0.0;0.0;0.0;214.0
81;nonane-1,9-diol;OCCCCCCCCCO;213.0;0.0;0.0;0.0;0.0;0.0;0.0;213.0
87;1,2-Diethoxyethane;CCOCCOCC;196.0;0.0;0.0;0.0;17.0;0.0;0.0;213.0
82;2,2-dimethylpropan-1-ol;CC(C)(C)CO;213.0;0.0;0.0;0.0;0.0;0.0;0.0;213.0
114;hexane-1,2-diol;CCCCC(O)CO;96.0;0.0;0.0;0.0;0.0;53.0;60.0;209.0
83;2-Methylpropane-1,3-diol;CC(CO)CO;209.0;0.0;0.0;0.0;0.0;0.0;0.0;209.0
86;2-methylpropylbenzene;CC(C)Cc1ccccc1;200.0;0.0;0.0;0.0;0.0;0.0;0.0;200.0
95;3-methylphenol;Cc1cccc(O)c1;164.0;4.0;32.0;0.0;0.0;0.0;0.0;200.0
96;4-Methylphenol;Cc1ccc(O)cc1;164.0;0.0;32.0;0.0;0.0;0.0;0.0;196.0
88;;OC[C@@H](O)[C@@H](O)[C@@H](O)CO;193.0;0.0;0.0;0.0;0.0;0.0;0.0;193.0
109;(2R,3R,4S,5S,6R)-2-[(2S,3S,4S,5R)-3,4-dihydroxy-2,5-bis(hydroxymethyl)oxolan-2-yl]oxy-6-(hydroxymethyl)oxane-3,4,5-triol;OC[C@H]1O[C@H](O[C@]2(CO)O[C@H](CO)[C@@H](O)[C@@H]2O)[C@H](O)[C@@H](O)[C@@H]1O;117.0;0.0;68.0;0.0;0.0;0.0;0.0;185.0
102;2-Methoxy-2-methylbutane;CCC(C)(C)OC;136.0;4.0;21.0;0.0;0.0;0.0;19.0;180.0
100;benzene-1,3-diol;Oc1cccc(O)c1;142.0;0.0;35.0;0.0;0.0;0.0;0.0;177.0
124;2-(2-Ethoxyethoxy)ethanol;CCOCCOCCO;84.0;0.0;76.0;0.0;17.0;0.0;0.0;177.0
91;Cyclohexylmethanol;OCC1CCCCC1;176.0;0.0;0.0;0.0;0.0;0.0;0.0;176.0
92;2-Cyclohexylethanol;OCCC1CCCCC1;175.0;0.0;0.0;0.0;0.0;0.0;0.0;175.0
185;1-pentoxypentane;CCCCCOCCCCC;0.0;0.0;0.0;0.0;174.0;0.0;0.0;174.0
110;2-Ethylhexan-1-ol;CCCCC(CC)CO;116.0;0.0;58.0;0.0;0.0;0.0;0.0;174.0
94;ethoxymethoxyethane;CCOCOCC;173.0;0.0;0.0;0.0;0.0;0.0;0.0;173.0
99;1-(1-butoxyethoxy)ethanol;CCCCOC(C)OC(C)O;145.0;0.0;22.0;0.0;0.0;0.0;0.0;167.0
113;Tetradecane;CCCCCCCCCCCCCC;108.0;0.0;0.0;0.0;59.0;0.0;0.0;167.0
125;1-methoxy-2-(2-methoxypropoxy)propane;COCC(C)OCC(C)OC;83.0;0.0;83.0;0.0;0.0;0.0;0.0;166.0
98;2,2-Dimethylpropane-1,3-diol;CC(C)(CO)CO;156.0;0.0;0.0;0.0;0.0;0.0;0.0;156.0
97;Cyclooctanol;OC1CCCCCCC1;156.0;0.0;0.0;0.0;0.0;0.0;0.0;156.0
105;2-[2-(2-Methoxyethoxy)ethoxy]ethanol;COCCOCCOCCO;129.0;0.0;24.0;0.0;0.0;0.0;0.0;153.0
134;2-[2-(2-hydroxyethoxy)ethoxy]ethanol;OCCOCCOCCO;65.0;47.0;0.0;39.0;0.0;0.0;0.0;151.0
101;3-METHYLPENTANE-1,5-DIOL;CC(CCO)CCO;138.0;0.0;0.0;0.0;0.0;0.0;0.0;138.0
119;hexan-2-ol;CCCCC(C)O;90.0;0.0;42.0;0.0;0.0;0.0;0.0;132.0
104;Octadecane;CCCCCCCCCCCCCCCCCC;130.0;0.0;0.0;0.0;0.0;0.0;0.0;130.0
106;(2R,3R,4R,5R)-hexane-1,2,3,4,5,6-hexol;OC[C@@H](O)[C@@H](O)[C@H](O)[C@H](O)CO;128.0;0.0;0.0;0.0;0.0;0.0;0.0;128.0
121;(3R,4S,5S,6R)-6-(hydroxymethyl)oxane-2,3,4,5-tetrol;OC[C@H]1OC(O)[C@H](O)[C@@H](O)[C@@H]1O;86.0;0.0;36.0;0.0;0.0;0.0;0.0;122.0
108;2-butyl-2-ethylpropane-1,3-diol;CCCCC(CC)(CO)CO;120.0;0.0;0.0;0.0;0.0;0.0;0.0;120.0
151;2-Methyloxolane;CC1CCCO1;27.0;0.0;45.0;0.0;44.0;0.0;0.0;116.0
112;hexane-2,5-diol;CC(O)CCC(C)O;114.0;0.0;0.0;0.0;0.0;0.0;0.0;114.0
130;octan-2-ol;CCCCCCC(C)O;68.0;0.0;42.0;0.0;0.0;0.0;0.0;110.0
129;1,2-Bis(2-methoxyethoxy)ethane;COCCOCCOCCOC;75.0;0.0;0.0;33.0;0.0;0.0;0.0;108.0
127;2-Methylpropane;CC(C)C;80.0;21.0;0.0;0.0;0.0;0.0;0.0;101.0
137;(2R,3S,4S,5R,6R)-2-(hydroxymethyl)-6-[(2R,3S,4R,5R,6R)-4,5,6-trihydroxy-2-(hydroxymethyl)oxan-3-yl]oxyoxane-3,4,5-triol;OC[C@H]1O[C@H](O[C@H]2[C@H](O)[C@@H](O)[C@H](O)O[C@@H]2CO)[C@H](O)[C@@H](O)[C@@H]1O;50.0;0.0;50.0;0.0;0.0;0.0;0.0;100.0
174;Methoxymethane;COC;0.0;23.0;0.0;0.0;76.0;0.0;0.0;99.0
126;2-[2-(2-ethoxyethoxy)ethoxy]ethanol;CCOCCOCCOCCO;82.0;0.0;0.0;0.0;17.0;0.0;0.0;99.0
138;2-(2-Butoxyethoxy)ethanol;CCCCOCCOCCO;48.0;0.0;48.0;0.0;0.0;0.0;0.0;96.0
115;(2R,3R,4R,5S)-hexane-1,2,3,4,5,6-hexol;OC[C@@H](O)[C@@H](O)[C@H](O)[C@@H](O)CO;91.0;0.0;0.0;0.0;0.0;0.0;0.0;91.0
139;2-(2-Methylpropoxy)ethanol;CC(C)COCCO;45.0;0.0;45.0;0.0;0.0;0.0;0.0;90.0
118;naphthalen-2-ol;Oc1ccc2ccccc2c1;90.0;0.0;0.0;0.0;0.0;0.0;0.0;90.0
117;naphthalen-1-ol;Oc1cccc2ccccc12;90.0;0.0;0.0;0.0;0.0;0.0;0.0;90.0
146;Ethoxybenzene;CCOc1ccccc1;37.0;0.0;0.0;0.0;51.0;0.0;0.0;88.0
122;2-[2-(2-Butoxyethoxy)ethoxy]ethanol;CCCCOCCOCCOCCO;85.0;0.0;0.0;0.0;0.0;0.0;0.0;85.0
123;1,2,4-Trimethylbenzene;Cc1ccc(C)c(C)c1;84.0;0.0;0.0;0.0;0.0;0.0;0.0;84.0
141;heptan-2-ol;CCCCCC(C)O;42.0;0.0;42.0;0.0;0.0;0.0;0.0;84.0
142;benzene-1,2-diol;Oc1ccccc1O;40.0;0.0;40.0;0.0;0.0;0.0;0.0;80.0
186;1-propoxypropane;CCCOCCC;0.0;0.0;0.0;0.0;79.0;0.0;0.0;79.0
145;2-[2-[2-(2-hydroxyethoxy)ethoxy]ethoxy]ethanol;OCCOCCOCCOCCO;39.0;0.0;0.0;39.0;0.0;0.0;0.0;78.0
128;Hexane-1,5-diol;CC(O)CCCCO;75.0;0.0;0.0;0.0;0.0;0.0;0.0;75.0
147;2-Methylphenol;Cc1ccccc1O;32.0;4.0;32.0;0.0;0.0;0.0;0.0;68.0
133;1,2,4-Trimethylcyclohexane;CC1CCC(C)C(C)C1;66.0;0.0;0.0;0.0;0.0;0.0;0.0;66.0
132;Butylcyclohexane;CCCCC1CCCCC1;66.0;0.0;0.0;0.0;0.0;0.0;0.0;66.0
131;Ethylcyclohexane;CCC1CCCCC1;66.0;0.0;0.0;0.0;0.0;0.0;0.0;66.0
187;2,3-Dimethylbutane;CC(C)C(C)C;0.0;0.0;0.0;0.0;63.0;0.0;0.0;63.0
136;FURAN;o1cccc1;54.0;9.0;0.0;0.0;0.0;0.0;0.0;63.0
188;2,2-Dimethylbutane;CCC(C)(C)C;0.0;0.0;0.0;0.0;62.0;0.0;0.0;62.0
150;oxolan-2-ylmethanol;OCC1CCCO1;30.0;0.0;30.0;0.0;0.0;0.0;0.0;60.0
135;2-(hydroxymethyl)-6-[4,5,6-trihydroxy-2-(hydroxymethyl)oxan-3-yl]oxyoxane-3,4,5-triol;OCC1OC(OC2C(O)C(O)C(O)OC2CO)C(O)C(O)C1O;59.0;0.0;0.0;0.0;0.0;0.0;0.0;59.0
152;2-Ethoxy-2-methylbutane;CCOC(C)(C)CC;27.0;4.0;0.0;0.0;27.0;0.0;0.0;58.0
158;3-Phenylpropan-1-ol;OCCCc1ccccc1;24.0;0.0;0.0;0.0;34.0;0.0;0.0;58.0
154;furan-2-ylmethanol;OCc1occc1;24.0;0.0;24.0;0.0;0.0;0.0;0.0;48.0
160;(2R,3S,4S,5R,6S)-2-(hydroxymethyl)-6-[(2R,3S,4R,5R,6R)-4,5,6-trihydroxy-2-(hydroxymethyl)oxan-3-yl]oxyoxane-3,4,5-triol;OC[C@H]1O[C@@H](O[C@H]2[C@H](O)[C@@H](O)[C@H](O)O[C@@H]2CO)[C@H](O)[C@@H](O)[C@@H]1O;24.0;0.0;24.0;0.0;0.0;0.0;0.0;48.0
162;Ethoxyethane;CCOCC;22.0;0.0;23.0;0.0;0.0;0.0;0.0;45.0
140;ETHANE;CC;44.0;0.0;0.0;0.0;0.0;0.0;0.0;44.0
143;(2S,4R)-pentane-1,2,3,4,5-pentol;OC[C@H](O)C(O)[C@H](O)CO;40.0;0.0;0.0;0.0;0.0;0.0;0.0;40.0
144;4-[3,4,5-trihydroxy-6-(hydroxymethyl)oxan-2-yl]oxyhexane-1,2,3,5,6-pentol;OCC(O)C(O)C(OC1OC(CO)C(O)C(O)C1O)C(O)CO;40.0;0.0;0.0;0.0;0.0;0.0;0.0;40.0
156;;CC(O)C(C)O;24.0;0.0;0.0;0.0;0.0;0.0;14.0;38.0
189;1-Methoxypropan-2-ol;COCC(C)O;0.0;0.0;0.0;0.0;38.0;0.0;0.0;38.0
165;2-propan-2-yloxyethanol;CC(C)OCCO;18.0;0.0;18.0;0.0;0.0;0.0;0.0;36.0
166;2-(2-methoxypropoxy)propan-1-ol;COC(C)COC(C)CO;18.0;0.0;18.0;0.0;0.0;0.0;0.0;36.0
169;1,3-di(phenyl)benzene;c1ccc(cc1)c2cccc(c2)c3ccccc3;10.0;0.0;10.0;0.0;12.0;0.0;0.0;32.0
170;1,2-di(phenyl)benzene;c1ccc(cc1)c2ccccc2c3ccccc3;10.0;0.0;10.0;0.0;12.0;0.0;0.0;32.0
149;methane;C;30.0;0.0;0.0;0.0;0.0;0.0;0.0;30.0
148;2-[2-(2-hydroxypropoxy)propoxy]propan-1-ol;CC(O)COC(C)COC(C)CO;30.0;0.0;0.0;0.0;0.0;0.0;0.0;30.0
153;cyclohexane-1,2,3,4,5,6-hexol;OC1C(O)C(O)C(O)C(O)C1O;25.0;0.0;0.0;0.0;0.0;0.0;0.0;25.0
173;Octadecan-1-ol;CCCCCCCCCCCCCCCCCCO;0.0;25.0;0.0;0.0;0.0;0.0;0.0;25.0
168;Phenanthrene;c1ccc2c(c1)ccc3ccccc23;14.0;0.0;10.0;0.0;0.0;0.0;0.0;24.0
159;ANTHRACENE;c1ccc2cc3ccccc3cc2c1;24.0;0.0;0.0;0.0;0.0;0.0;0.0;24.0
157;(2R,3S,4R,5S)-hexane-1,2,3,4,5,6-hexol;OC[C@@H](O)[C@H](O)[C@H](O)[C@@H](O)CO;24.0;0.0;0.0;0.0;0.0;0.0;0.0;24.0
155;;OC[C@H]1OC(O)[C@H](O)[C@@H](O)[C@H]1O;24.0;0.0;0.0;0.0;0.0;0.0;0.0;24.0
161;PHENOL;Oc1ccccc1;23.0;0.0;0.0;0.0;0.0;0.0;0.0;23.0
164;Propylbenzene;CCCc1ccccc1;22.0;0.0;0.0;0.0;0.0;0.0;0.0;22.0
171;NAPHTHALENE;c1ccc2ccccc2c1;10.0;2.0;10.0;0.0;0.0;0.0;0.0;22.0
163;Butylbenzene;CCCCc1ccccc1;22.0;0.0;0.0;0.0;0.0;0.0;0.0;22.0
176;BUTANE;CCCC;0.0;21.0;0.0;0.0;0.0;0.0;0.0;21.0
175;PROPANE;CCC;0.0;21.0;0.0;0.0;0.0;0.0;0.0;21.0
191;;CC1CO1;0.0;0.0;0.0;0.0;19.0;0.0;0.0;19.0
190;2-Methylpentane;CCCC(C)C;0.0;0.0;0.0;0.0;19.0;0.0;0.0;19.0
167;2,5-Dimethylfuran;Cc1oc(C)cc1;18.0;0.0;0.0;0.0;0.0;0.0;0.0;18.0
177;Pentan-3-ol;CCC(O)CC;0.0;11.0;0.0;0.0;0.0;0.0;0.0;11.0
178;3-Methylbutan-2-ol;CC(C)C(C)O;0.0;10.0;0.0;0.0;0.0;0.0;0.0;10.0
179;tetradecan-1-ol;CCCCCCCCCCCCCCO;0.0;8.0;0.0;0.0;0.0;0.0;0.0;8.0
192;1,4-di(phenyl)benzene;c1ccc(cc1)c2ccc(cc2)c3ccccc3;0.0;0.0;0.0;0.0;6.0;0.0;0.0;6.0
181;Cycloheptane;C1CCCCCC1;0.0;6.0;0.0;0.0;0.0;0.0;0.0;6.0
180;Pentane;CCCCC;0.0;6.0;0.0;0.0;0.0;0.0;0.0;6.0
182;Undecane;CCCCCCCCCCC;0.0;3.0;0.0;0.0;0.0;0.0;0.0;3.0
172;oxiran-2-ylmethanol;OCC1CO1;1.0;0.0;0.0;0.0;0.0;0.0;0.0;1.0
183;Methylcyclopentane;CC1CCCC1;0.0;1.0;0.0;0.0;0.0;0.0;0.0;1.0
184;1-methyl-4-propan-2-ylbenzene;CC(C)c1ccc(C)cc1;0.0;1.0;0.0;0.0;0.0;0.0;0.0;1.0
